"category","field name","example value","scope","notes","field_id","field_set_ids","definition_status"
"Appliances","Acquired on","2026-03-18","Appliances where the corresponding acquisition detail is known. Includes gifts and transfers of ownership.","","common.acquiredOn","{""appliances.ownership""}","proposed"
"Appliances","Seller","Example Retailer","Appliances where the corresponding acquisition detail is known.","","common.seller","{""appliances.ownership""}","proposed"
"Appliances","Price paid","GBP 499.00","Appliances where the corresponding acquisition detail is known. The amount paid for this item; retain its currency.","","common.pricePaid","{""appliances.ownership""}","proposed"
"Appliances","Order reference","ORDER-00427","Appliances where the corresponding acquisition detail is known.","","common.orderReference","{""appliances.ownership""}","proposed"
"Appliances","Manufacturer","Example Manufacturer","Appliances with a manufacturer or maker and identifiable product details.","","common.manufacturer","{""appliances.appliance""}","existing"
"Appliances","Model","Example Model 200","Appliances with a manufacturer or maker and identifiable product details.","","common.model","{""appliances.appliance""}","existing"
"Appliances","Serial number","SN-0000427","Appliances with a manufacturer or maker and identifiable product details. The identifier explicitly labelled as the unit serial number; preserve its source format and leading zeroes. BSH Z-Nr markings use the dedicated Z-number row.","","common.serialNumber","{""appliances.serial""}","proposed"
"Appliances","Warranty provider","Example Manufacturer","Appliances covered by a manufacturer warranty.","","common.warrantyProvider","{""appliances.warranty""}","proposed"
"Appliances","Warranty starts","2026-03-18","Appliances covered by a manufacturer warranty.","","common.warrantyStarts","{""appliances.warranty""}","proposed"
"Appliances","Warranty ends","2028-03-17","Appliances covered by a manufacturer warranty. Only where the warranty has a stated expiry date.","","common.warrantyEnds","{""appliances.warranty""}","proposed"
"Appliances","Extended warranty provider","Example Cover Company","Appliances with separately purchased extended warranty cover.","","common.extendedWarrantyProvider","{""appliances.extendedWarranty""}","proposed"
"Appliances","Extended warranty starts","2028-03-18","Appliances with separately purchased extended warranty cover.","","common.extendedWarrantyStarts","{""appliances.extendedWarranty""}","proposed"
"Appliances","Extended warranty ends","2031-03-17","Appliances with separately purchased extended warranty cover.","","common.extendedWarrantyEnds","{""appliances.extendedWarranty""}","proposed"
"Appliances","Support website","https://example.com/support","Appliances for which support or maintenance information is available.","","common.supportUrl","{""appliances.support""}","proposed"
"Appliances","Support phone","01632 960123","Appliances for which support or maintenance information is available.","","common.supportPhone","{""appliances.support""}","proposed"
"Appliances","Support reference","SUP-00427","Appliances for which support or maintenance information is available. A product registration or support identifier assigned by the provider.","","common.supportReference","{""appliances.support""}","proposed"
"Appliances","Service interval","Every 12 months","Appliances for which support or maintenance information is available. Use the manufacturer's or service provider's stated interval.","","common.serviceInterval","{""appliances.maintenance""}","proposed"
"Appliances","Appliance type","Washer-dryer","Household appliances with a rating plate or product label.","","appliances.applianceType","{""appliances.appliance""}","proposed"
"Appliances","Product code","PROD-00427","Household appliances with a rating plate or product label. A manufacturer product code distinct from the model name and unit serial number.","Could be model number","appliances.productCode","{""appliances.appliance""}","proposed"
"Appliances","Manufactured on","2025-11","Household appliances with a rating plate or product label. Preserve the precision supplied by the manufacturer.","","appliances.manufacturedOn","{""appliances.appliance""}","proposed"
"Appliances","Finish","Brushed stainless steel","Household appliances with a rating plate or product label.","","appliances.finish","{""appliances.appliance""}","proposed"
"Appliances","E-number (E-Nr)","WEXAMPLE/01","BSH household appliances, including Bosch, Neff and Siemens models, whose rating plate uses the named identifier. Model identifier; retain the slash variant suffix.","","appliances.eNumber","{""appliances.bosch"",""appliances.neff"",""appliances.siemens""}","existing"
"Appliances","FD number","0012","BSH household appliances, including Bosch, Neff and Siemens models, whose rating plate uses the named identifier. Production identifier; preserve as text.","","appliances.fdNumber","{""appliances.bosch"",""appliances.neff"",""appliances.siemens""}","existing"
"Appliances","Z-number (Z-Nr)","007","BSH household appliances, including Bosch, Neff and Siemens models, whose rating plate uses the named identifier. The manufacturer-specific serial marking; may be short and requires other plate identifiers for context.","","appliances.zNumber","{""appliances.bosch"",""appliances.neff"",""appliances.siemens""}","existing"
"Appliances","Product number (PNC)","914000000/01","AEG, Electrolux or Zanussi appliances whose product label provides a PNC. Retain any variant suffix printed on the label.","","appliances.pnc","{""appliances.pnc""}","proposed"
"Appliances","Installed on","2026-03-20","Installed or fitted appliances.","","appliances.installedOn","{""appliances.installation""}","proposed"
"Appliances","Installer","Example Installations","Installed or fitted appliances.","","appliances.installer","{""appliances.installation""}","proposed"
"Appliances","Installation type","Built-in","Installed or fitted appliances.","","appliances.installationType","{""appliances.installation""}","proposed"
"Appliances","Width","598 mm","Installed or fitted appliances. External appliance width.","","common.width","{""appliances.dimensions""}","proposed"
"Appliances","Height","815 mm","Installed or fitted appliances. External appliance height.","","common.height","{""appliances.dimensions""}","proposed"
"Appliances","Depth","550 mm","Installed or fitted appliances. External appliance depth; specify whether handles are included if relevant.","","common.depth","{""appliances.dimensions""}","proposed"
"Appliances","Required recess width","600 mm","Built-in appliances with a specified installation opening width.","","appliances.requiredRecessWidth","{""appliances.recess""}","proposed"
"Appliances","Required recess height","820 mm","Built-in appliances with a specified installation opening height.","","appliances.requiredRecessHeight","{""appliances.recess""}","proposed"
"Appliances","Required recess depth","570 mm","Built-in appliances with a specified installation opening depth.","","appliances.requiredRecessDepth","{""appliances.recess""}","proposed"
"Appliances","Ventilation clearance","50 mm at rear","Installed or fitted appliances. Appliances with installation clearance requirements.","","appliances.ventilationClearance","{""appliances.installation""}","proposed"
"Appliances","Supply voltage","220–240 V AC","Electrically powered appliances with manufacturer supply requirements.","","appliances.supplyVoltage","{""appliances.electrical""}","proposed"
"Appliances","Supply frequency","50 Hz","Electrically powered appliances with manufacturer supply requirements.","","appliances.supplyFrequency","{""appliances.electrical""}","proposed"
"Appliances","Rated input power","2200 W","Electrically powered appliances with manufacturer supply requirements.","","appliances.ratedInputPower","{""appliances.electrical""}","proposed"
"Appliances","Electrical connection","Hardwired, single phase","Electrically powered appliances with manufacturer supply requirements.","","appliances.electricalConnection","{""appliances.electrical""}","proposed"
"Appliances","Required circuit rating","16 A","Electrically powered appliances with manufacturer supply requirements. Use the installation instructions for the model.","","appliances.requiredCircuitRating","{""appliances.electrical""}","proposed"
"Appliances","Energy label scheme","EU A–G, 2021 scheme","Appliances carrying an energy label. Record the region and scheme so ratings from different scales remain distinguishable.","","appliances.energyLabelScheme","{""appliances.energyLabel""}","proposed"
"Appliances","Energy class","B","Appliances carrying an energy label. Appliances with one overall class; combination products may have separate cycle classes.","","appliances.energyClass","{""appliances.energyLabel""}","proposed"
"Appliances","Washing capacity","9 kg","Washing machines and the washing component of washer-dryers.","","appliances.washingCapacity","{""appliances.washing""}","proposed"
"Appliances","Maximum spin speed","1400 rpm","Washing machines and the washing component of washer-dryers.","","appliances.maximumSpinSpeed","{""appliances.washing""}","proposed"
"Appliances","Wash energy class","A","Washing machines and the washing component of washer-dryers. Where the energy label gives a separate washing-cycle class.","","appliances.washEnergyClass","{""appliances.washing""}","proposed"
"Appliances","Wash energy use","49 kWh per 100 eco 40–60 cycles","Washing machines and the washing component of washer-dryers. Retain the label's programme and measurement basis.","","appliances.washEnergyUse","{""appliances.washing""}","proposed"
"Appliances","Wash water use","50 L per eco 40–60 cycle","Washing machines and the washing component of washer-dryers.","","appliances.washWaterUse","{""appliances.washing""}","proposed"
"Appliances","Drying capacity","6 kg","Tumble dryers and the drying component of washer-dryers.","","appliances.dryingCapacity","{""appliances.drying""}","proposed"
"Appliances","Drying technology","Condenser","Tumble dryers and the drying component of washer-dryers.","","appliances.dryingTechnology","{""appliances.drying""}","proposed"
"Appliances","Wash-and-dry energy class","D","Washer-dryers with complete wash-and-dry cycle measurements.","","appliances.washAndDryEnergyClass","{""appliances.washAndDry""}","proposed"
"Appliances","Wash-and-dry energy use","300 kWh per 100 complete cycles","Washer-dryers with complete wash-and-dry cycle measurements.","","appliances.washAndDryEnergyUse","{""appliances.washAndDry""}","proposed"
"Appliances","Wash-and-dry water use","90 L per complete cycle","Washer-dryers with complete wash-and-dry cycle measurements.","","appliances.washAndDryWaterUse","{""appliances.washAndDry""}","proposed"
"Appliances","Dishwasher water use","9.5 L per eco cycle","Dishwashers.","","appliances.dishwasherWaterUse","{""appliances.dishwasher""}","proposed"
"Appliances","Dishwasher energy use","75 kWh per 100 eco cycles","Dishwashers.","","appliances.dishwasherEnergyUse","{""appliances.dishwasher""}","proposed"
"Appliances","Fridge capacity","230 L","Refrigerators and the chilled compartment of fridge-freezers.","","appliances.fridgeCapacity","{""appliances.refrigeration""}","proposed"
"Appliances","Water filter model","FILTER-00427","Refrigerators and the chilled compartment of fridge-freezers. Models with a replaceable drinking-water filter.","","appliances.waterFilterModel","{""appliances.waterFilter""}","proposed"
"Appliances","Freezer capacity","95 L","Freezers and the frozen compartment of fridge-freezers.","","appliances.freezerCapacity","{""appliances.freezing""}","proposed"
"Appliances","Defrost system","Frost-free","Freezers and the frozen compartment of fridge-freezers.","","appliances.defrostSystem","{""appliances.freezing""}","proposed"
"Appliances","Main oven capacity","71 L","Ovens, range cookers and combination ovens with the corresponding cooking component.","","appliances.mainOvenCapacity","{""appliances.oven""}","proposed"
"Appliances","Second oven capacity","35 L","Ovens, range cookers and combination ovens with the corresponding cooking component. Models with a second oven cavity.","","appliances.secondOvenCapacity","{""appliances.oven""}","proposed"
"Appliances","Hob type","Induction","Ovens, range cookers and combination ovens with the corresponding cooking component. Models with a hob component.","","appliances.hobType","{""appliances.hob""}","proposed"
"Appliances","Number of cooking zones","4","Ovens, range cookers and combination ovens with the corresponding cooking component. Models with a hob component.","","appliances.numberOfCookingZones","{""appliances.hob""}","proposed"
"Appliances","Output power","900 W","Ovens, range cookers and combination ovens with the corresponding cooking component. output power has separate meaning from electrical input power.","","appliances.outputPower","{""appliances.cookingOutput""}","proposed"
"Appliances","Heating output","8 kW","Boilers, heat pumps, water heaters and air conditioners with the corresponding function. Space-heating equipment.","","appliances.heatingOutput","{""appliances.heating""}","proposed"
"Appliances","Cooling output","3.5 kW","Boilers, heat pumps, water heaters and air conditioners with the corresponding function. Equipment providing cooling.","","appliances.coolingOutput","{""appliances.cooling""}","proposed"
"Appliances","Tank capacity","180 L","Boilers, heat pumps, water heaters and air conditioners with the corresponding function. Equipment with a hot water storage cylinder.","","appliances.tankCapacity","{""appliances.hotWater""}","proposed"
"Appliances","Fuel type","Natural gas","Boilers, heat pumps, water heaters and air conditioners with the corresponding function. Fuel-burning equipment.","","appliances.fuelType","{""appliances.fuel""}","proposed"
"Appliances","Refrigerant","R32","Boilers, heat pumps, water heaters and air conditioners with the corresponding function. Equipment with a refrigerant circuit.","","appliances.refrigerant","{""appliances.refrigerant""}","proposed"
"Appliances","Water tank capacity","1.8 L","Small appliances with the corresponding reservoir, consumable or maintenance requirement. Coffee machines, steam appliances and similar reservoir-equipped products.","","appliances.waterTankCapacity","{""appliances.waterTank""}","proposed"
"Appliances","Dust container capacity","0.7 L","Small appliances with the corresponding reservoir, consumable or maintenance requirement. Vacuum cleaners and cleaning robots.","","appliances.dustContainerCapacity","{""appliances.vacuum""}","proposed"
"Appliances","Replacement filter","FILTER-EXAMPLE","Small appliances with the corresponding reservoir, consumable or maintenance requirement. Vacuum cleaners, purifiers and other appliances using replaceable filters.","","appliances.replacementFilter","{""appliances.consumables""}","proposed"
"Appliances","Compatible consumable","BAG-EXAMPLE","Small appliances with the corresponding reservoir, consumable or maintenance requirement. Products requiring model-specific bags, cartridges or cleaning supplies.","","appliances.compatibleConsumable","{""appliances.consumables""}","proposed"
"Appliances","Cleaning instructions","Run the drum-clean programme as instructed","Appliances with documented cleaning or descaling requirements.","","appliances.cleaningInstructions","{""appliances.cleaning""}","proposed"
"Appliances","Cleaning interval","After every 30 wash cycles","Appliances with documented cleaning or descaling requirements. Products with a documented recurring cleaning task.","","appliances.cleaningInterval","{""appliances.cleaning""}","proposed"
"Appliances","Descaling interval","Every 3 months at local water hardness","Appliances with documented cleaning or descaling requirements. Products whose instructions require descaling.","","appliances.descalingInterval","{""appliances.descaling""}","proposed"
"Devices","Acquired on","2026-03-18","Devices where the corresponding acquisition detail is known. Includes gifts and transfers of ownership.","","common.acquiredOn","{""devices.ownership""}","proposed"
"Devices","Seller","Example Retailer","Devices where the corresponding acquisition detail is known.","","common.seller","{""devices.ownership""}","proposed"
"Devices","Price paid","GBP 499.00","Devices where the corresponding acquisition detail is known. The amount paid for this item; retain its currency.","","common.pricePaid","{""devices.ownership""}","proposed"
"Devices","Order reference","ORDER-00427","Devices where the corresponding acquisition detail is known.","","common.orderReference","{""devices.ownership""}","proposed"
"Devices","Manufacturer","Example Manufacturer","Devices with a manufacturer or maker and identifiable product details.","","common.manufacturer","{""devices.device""}","existing"
"Devices","Model","Example Model 200","Devices with a manufacturer or maker and identifiable product details.","","common.model","{""devices.device""}","existing"
"Devices","Serial number","SN-0000427","Devices with a manufacturer or maker and identifiable product details. The identifier explicitly labelled as the unit serial number; preserve its source format and leading zeroes.","","common.serialNumber","{""devices.device""}","proposed"
"Devices","Warranty provider","Example Manufacturer","Devices covered by a manufacturer warranty.","","common.warrantyProvider","{""devices.warranty""}","proposed"
"Devices","Warranty starts","2026-03-18","Devices covered by a manufacturer warranty.","","common.warrantyStarts","{""devices.warranty""}","proposed"
"Devices","Warranty ends","2028-03-17","Devices covered by a manufacturer warranty. Only where the warranty has a stated expiry date.","","common.warrantyEnds","{""devices.warranty""}","proposed"
"Devices","Extended warranty provider","Example Cover Company","Devices with separately purchased extended warranty cover.","","common.extendedWarrantyProvider","{""devices.extendedWarranty""}","proposed"
"Devices","Extended warranty starts","2028-03-18","Devices with separately purchased extended warranty cover.","","common.extendedWarrantyStarts","{""devices.extendedWarranty""}","proposed"
"Devices","Extended warranty ends","2031-03-17","Devices with separately purchased extended warranty cover.","","common.extendedWarrantyEnds","{""devices.extendedWarranty""}","proposed"
"Devices","Support webpage","https://example.com/support","Devices for which support or maintenance information is available.","","common.supportUrl","{""devices.support""}","proposed"
"Devices","Support phone","01632 960123","Devices for which support or maintenance information is available.","","common.supportPhone","{""devices.support""}","proposed"
"Devices","Support reference","SUP-00427","Devices for which support or maintenance information is available. A product registration or support identifier assigned by the provider.","","common.supportReference","{""devices.support""}","proposed"
"Devices","Service provider","Example Repairs","Devices for which support or maintenance information is available.","","common.serviceProvider","{""devices.maintenance""}","proposed"
"Devices","Service interval","Every 12 months","Devices for which support or maintenance information is available. Use the manufacturer's or service provider's stated interval.","","common.serviceInterval","{""devices.maintenance""}","proposed"
"Devices","Device type","Laptop","Electronic devices with the corresponding identity or ownership detail.","","devices.deviceType","{""devices.device""}","proposed"
"Devices","Hardware revision","Rev B","Electronic devices with the corresponding identity or ownership detail.","","devices.hardwareRevision","{""devices.device""}","proposed"
"Devices","Asset tag","ASSET-00427","Electronic devices with the corresponding identity or ownership detail. Devices tracked by a household or employer asset label.","","devices.assetTag","{""devices.device""}","proposed"
"Devices","Operating system","Example OS 15","Electronic devices with the corresponding identity or ownership detail.","","devices.operatingSystem","{""devices.software""}","proposed"
"Devices","Firmware version","2.4.1","Electronic devices with the corresponding identity or ownership detail. Devices exposing a firmware version.","","devices.firmwareVersion","{""devices.software""}","proposed"
"Devices","Processor","Example 8-core processor","Computers, tablets, phones, consoles and network storage with the corresponding specification.","","devices.processor","{""devices.computing""}","proposed"
"Devices","Memory","16 GB","Computers, tablets, phones, consoles and network storage with the corresponding specification.","","devices.memory","{""devices.computing""}","proposed"
"Devices","Built-in storage","512 GB","Computers, tablets, phones, consoles and network storage with the corresponding specification. Internal storage capacity as supplied or upgraded.","","devices.builtInStorage","{""devices.computing""}","proposed"
"Devices","Expandable storage","microSD up to 1 TB","Computers, tablets, phones, consoles and network storage with the corresponding specification. Models with removable or expandable storage.","","devices.expandableStorage","{""devices.computing""}","proposed"
"Devices","IMEI (line 1)","000000000000000","Phones, tablets, wearables and modems with cellular hardware. Synthetic identifier; the first cellular hardware identity.","","devices.imeiLine1","{""devices.cellular""}","proposed"
"Devices","IMEI (line 2)","000000000000018","Phones, tablets, wearables and modems with cellular hardware. Devices exposing a second cellular hardware identity.","","devices.imeiLine2","{""devices.cellular""}","proposed"
"Devices","EID","00000000000000000000000000000000","Phones, tablets, wearables and modems with cellular hardware. eSIM-capable devices exposing an EID; preserve as text.","","devices.eid","{""devices.cellular""}","proposed"
"Devices","SIM format","Nano-SIM and eSIM","Phones, tablets, wearables and modems with cellular hardware.","","devices.simFormat","{""devices.cellular""}","proposed"
"Devices","Battery model","BAT-00427","Devices with batteries or a charging input. Products with an identifiable replacement battery.","","devices.batteryModel","{""devices.battery""}","proposed"
"Devices","Battery capacity","60 Wh","Devices with batteries or a charging input. Preserve the manufacturer unit, including mAh where used.","","devices.batteryCapacity","{""devices.battery""}","proposed"
"Devices","Charging connector","USB-C","Devices with batteries or a charging input.","","devices.chargingConnector","{""devices.battery""}","proposed"
"Devices","Wi-Fi standard","Wi-Fi 6","Network-connected devices with the corresponding interface.","","devices.wiFiStandard","{""devices.wifi""}","proposed"
"Devices","Wi-Fi bands","2.4 GHz and 5 GHz","Network-connected devices with the corresponding interface.","","devices.wiFiBands","{""devices.wifi""}","proposed"
"Devices","Ethernet MAC address","02:00:00:00:00:01","Network-connected devices with the corresponding interface. The Ethernet interface address; retain interface identity.","","devices.ethernetMacAddress","{""devices.network""}","proposed"
"Devices","Wi-Fi MAC address","02:00:00:00:00:02","Network-connected devices with the corresponding interface. The Wi-Fi interface address; private addresses can vary by network.","","devices.wiFiMacAddress","{""devices.network""}","proposed"
"Devices","Local hostname","printer.example","Network-connected devices with the corresponding interface.","","devices.localHostname","{""devices.network""}","proposed"
"Devices","Connection protocol","Matter over Thread","Network-connected devices with the corresponding interface. Smart-home devices with a stated interoperability protocol.","","devices.connectionProtocol","{""devices.smartHome""}","proposed"
"Devices","Screen diagonal","27 in","Televisions, monitors and devices with integrated displays.","","devices.screenDiagonal","{""devices.display""}","proposed"
"Devices","Display resolution","3840 x 2160 pixels","Televisions, monitors and devices with integrated displays.","","devices.displayResolution","{""devices.display""}","proposed"
"Devices","Display connectors","HDMI 2.1; DisplayPort 1.4","Televisions, monitors and devices with integrated displays. Devices exposing video input or output ports.","","devices.displayConnectors","{""devices.display""}","proposed"
"Devices","VESA mounting width","100 mm","Displays with a VESA mounting pattern. Horizontal spacing between mounting holes.","","devices.vesaMountingWidth","{""devices.mounting""}","proposed"
"Devices","VESA mounting height","100 mm","Displays with a VESA mounting pattern. Vertical spacing between mounting holes.","","devices.vesaMountingHeight","{""devices.mounting""}","proposed"
"Devices","Print technology","Colour laser","Printers and multifunction devices.","","devices.printTechnology","{""devices.printing""}","proposed"
"Devices","Black cartridge","BLACK-427","Printers and multifunction devices.","","devices.blackCartridge","{""devices.printing""}","proposed"
"Devices","Colour cartridge set","CYAN-427; MAGENTA-427; YELLOW-427","Printers and multifunction devices. Colour printers with separate colour consumables.","","devices.colourCartridgeSet","{""devices.printing""}","proposed"
"Devices","Maximum paper size","A3","Printers and multifunction devices.","","devices.maximumPaperSize","{""devices.printing""}","proposed"
"Devices","Automatic duplex printing","Yes","Printers and multifunction devices. Printing capability; separate from duplex scanning.","","devices.automaticDuplexPrinting","{""devices.printing""}","proposed"
"Devices","Automatic duplex scanning","No","Printers and multifunction devices. Devices with a scanner and document feeder.","","devices.automaticDuplexScanning","{""devices.scanning""}","proposed"
"Devices","Lens mount","Example E-mount","Cameras, interchangeable lenses and security cameras with the corresponding feature. Cameras and lenses using an interchangeable mount.","","devices.lensMount","{""devices.camera""}","proposed"
"Devices","Memory card format","SDXC UHS-II","Cameras, interchangeable lenses and security cameras with the corresponding feature. Devices using removable recording media.","","devices.memoryCardFormat","{""devices.camera""}","proposed"
"Devices","Recording storage","Local microSD","Cameras, interchangeable lenses and security cameras with the corresponding feature. Security cameras with local or hosted recording.","","devices.recordingStorage","{""devices.camera""}","proposed"
"Devices","Width","120 mm","Portable, outdoor or installed devices with a specified external width.","","common.width","{""devices.dimensions""}","proposed"
"Devices","Height","80 mm","Portable, outdoor or installed devices with a specified external height.","","common.height","{""devices.dimensions""}","proposed"
"Devices","Depth","35 mm","Portable, outdoor or installed devices with a specified external depth.","","common.depth","{""devices.dimensions""}","proposed"
"Devices","Weight","250 g","Portable, outdoor or installed devices with relevant physical specifications.","","common.weight","{""devices.dimensions""}","proposed"
"Devices","Ingress protection","IP67","Portable, outdoor or installed devices with relevant physical specifications. Devices with a manufacturer-declared IP rating.","","devices.ingressProtection","{""devices.environment""}","proposed"
"Devices","Operating temperature","0–40 °C","Portable, outdoor or installed devices with relevant physical specifications. Devices with a stated operating range.","","devices.operatingTemperature","{""devices.environment""}","proposed"
"Vehicles","Acquired on","2026-03-18","Vehicles where the corresponding acquisition detail is known. Includes gifts and transfers of ownership.","","common.acquiredOn","{""vehicles.ownership""}","proposed"
"Vehicles","Seller","Example Retailer","Vehicles where the corresponding acquisition detail is known.","","common.seller","{""vehicles.ownership""}","proposed"
"Vehicles","Price paid","GBP 499.00","Vehicles where the corresponding acquisition detail is known. The amount paid for this item; retain its currency.","","common.pricePaid","{""vehicles.ownership""}","proposed"
"Vehicles","Order reference","ORDER-00427","Vehicles where the corresponding acquisition detail is known.","","common.orderReference","{""vehicles.ownership""}","proposed"
"Vehicles","Manufacturer","Example Manufacturer","Vehicles with a manufacturer or maker and identifiable product details.","","common.manufacturer","{""vehicles.vehicle""}","existing"
"Vehicles","Model","Example Model 200","Vehicles with a manufacturer or maker and identifiable product details.","","common.model","{""vehicles.vehicle""}","existing"
"Vehicles","Serial number","SN-0000427","Vehicles with a manufacturer or maker and identifiable product details. The identifier explicitly labelled as the unit serial number; preserve its source format and leading zeroes.","","common.serialNumber","{""vehicles.serial""}","proposed"
"Vehicles","Warranty provider","Example Manufacturer","Vehicles covered by a manufacturer warranty.","","common.warrantyProvider","{""vehicles.warranty""}","proposed"
"Vehicles","Warranty starts","2026-03-18","Vehicles covered by a manufacturer warranty.","","common.warrantyStarts","{""vehicles.warranty""}","proposed"
"Vehicles","Warranty ends","2028-03-17","Vehicles covered by a manufacturer warranty. Only where the warranty has a stated expiry date.","","common.warrantyEnds","{""vehicles.warranty""}","proposed"
"Vehicles","Extended warranty provider","Example Cover Company","Vehicles with separately purchased extended warranty cover.","","common.extendedWarrantyProvider","{""vehicles.extendedWarranty""}","proposed"
"Vehicles","Extended warranty starts","2028-03-18","Vehicles with separately purchased extended warranty cover.","","common.extendedWarrantyStarts","{""vehicles.extendedWarranty""}","proposed"
"Vehicles","Extended warranty ends","2031-03-17","Vehicles with separately purchased extended warranty cover.","","common.extendedWarrantyEnds","{""vehicles.extendedWarranty""}","proposed"
"Vehicles","Support webpage","https://example.com/support","Vehicles for which support or maintenance information is available.","","common.supportUrl","{""vehicles.support""}","proposed"
"Vehicles","Support phone","01632 960123","Vehicles for which support or maintenance information is available.","","common.supportPhone","{""vehicles.support""}","proposed"
"Vehicles","Support reference","SUP-00427","Vehicles for which support or maintenance information is available. A product registration or support identifier assigned by the provider.","","common.supportReference","{""vehicles.support""}","proposed"
"Vehicles","Service provider","Example Repairs","Vehicles for which support or maintenance information is available.","","common.serviceProvider","{""vehicles.maintenance""}","proposed"
"Vehicles","Service interval","Every 12 months","Vehicles for which support or maintenance information is available. Use the manufacturer's or service provider's stated interval.","","common.serviceInterval","{""vehicles.maintenance""}","proposed"
"Vehicles","Vehicle type","Van","Vehicles with the corresponding identity and registration details.","","vehicles.vehicleType","{""vehicles.vehicle""}","proposed"
"Vehicles","Model year","2024","Vehicles with the corresponding identity and registration details.","","vehicles.modelYear","{""vehicles.vehicle""}","proposed"
"Vehicles","Registration","EXAMPLE-01","Vehicles with the corresponding identity and registration details. Vehicles registered with a road or vessel authority; retain jurisdiction-specific format.","","vehicles.registration","{""vehicles.registration""}","existing"
"Vehicles","Registration country","United Kingdom","Vehicles with the corresponding identity and registration details. Registered vehicles.","","vehicles.registrationCountry","{""vehicles.registration""}","proposed"
"Vehicles","VIN","TESTVIN00000000001","Vehicles with the corresponding identity and registration details. Vehicles assigned a VIN; synthetic example.","","vehicles.vin","{""vehicles.vin""}","existing"
"Vehicles","First registered","2024-05-02","Vehicles with the corresponding identity and registration details. Registered vehicles.","","vehicles.firstRegistered","{""vehicles.registration""}","existing"
"Vehicles","Colour","Blue","Vehicles with the corresponding identity and registration details.","","vehicles.colour","{""vehicles.vehicle""}","proposed"
"Vehicles","Seats","5","Road motor vehicles with the corresponding operating specification. Includes vans fitted with passenger seats.","","vehicles.seats","{""vehicles.car"",""vehicles.van"",""vehicles.motorcycle""}","existing"
"Vehicles","Fuel or power type","Plug-in hybrid","Road motor vehicles with the corresponding operating specification.","","vehicles.fuelOrPowerType","{""vehicles.roadMotor""}","proposed"
"Vehicles","Transmission","Automatic","Road motor vehicles with the corresponding operating specification.","","vehicles.transmission","{""vehicles.roadMotor""}","proposed"
"Vehicles","Engine capacity","1998 cm³","Road motor vehicles with the corresponding operating specification. Vehicles with a combustion engine.","","vehicles.engineCapacity","{""vehicles.combustion""}","proposed"
"Vehicles","Fuel tank capacity","55 L","Road motor vehicles with the corresponding operating specification. Vehicles with a fuel tank.","","vehicles.fuelTankCapacity","{""vehicles.combustion""}","proposed"
"Vehicles","Emission standard","Euro 6d","Road motor vehicles with the corresponding operating specification. Vehicles with a declared emissions classification.","","vehicles.emissionStandard","{""vehicles.combustion""}","proposed"
"Vehicles","Front tyre specification","225/45 R18 95Y","Road motor vehicles with the corresponding operating specification.","","vehicles.frontTyreSpecification","{""vehicles.roadMotor""}","proposed"
"Vehicles","Rear tyre specification","255/40 R18 99Y","Road motor vehicles with the corresponding operating specification.","","vehicles.rearTyreSpecification","{""vehicles.roadMotor""}","proposed"
"Vehicles","Front tyre pressure","2.4 bar cold, normal load","Road motor vehicles with the corresponding operating specification. Use the manufacturer's load-specific value.","","vehicles.frontTyrePressure","{""vehicles.roadMotor""}","proposed"
"Vehicles","Rear tyre pressure","2.6 bar cold, normal load","Road motor vehicles with the corresponding operating specification. Use the manufacturer's load-specific value.","","vehicles.rearTyrePressure","{""vehicles.roadMotor""}","proposed"
"Vehicles","Roadworthiness test scheme","MOT, Great Britain","Vehicles subject to the named inspection, registration or maintenance requirement.","","vehicles.roadworthinessTestScheme","{""vehicles.roadworthiness""}","proposed"
"Vehicles","Service mileage interval","12000 miles","Vehicles subject to the named inspection, registration or maintenance requirement. Vehicles with distance-based maintenance intervals.","","vehicles.serviceMileageInterval","{""vehicles.distanceMaintenance""}","proposed"
"Vehicles","Payload","950 kg","Vans, pickups and other goods-carrying vehicles with manufacturer load specifications. Maximum permitted load under the manufacturer's stated configuration.","","vehicles.payloadKg","{""vehicles.van""}","existing"
"Vehicles","Cargo length","2400 mm","Vans, pickups and other goods-carrying vehicles with manufacturer load specifications.","","vehicles.cargoLength","{""vehicles.van""}","proposed"
"Vehicles","Cargo width","1750 mm","Vans, pickups and other goods-carrying vehicles with manufacturer load specifications.","","vehicles.cargoWidth","{""vehicles.van""}","proposed"
"Vehicles","Cargo width between wheel arches","1250 mm","Vans, pickups and other goods-carrying vehicles with manufacturer load specifications.","","vehicles.cargoWidthBetweenWheelArches","{""vehicles.van""}","proposed"
"Vehicles","Cargo height","1400 mm","Vans, pickups and other goods-carrying vehicles with manufacturer load specifications.","","vehicles.cargoHeight","{""vehicles.van""}","proposed"
"Vehicles","Cargo volume","5.9 m³","Vans, pickups and other goods-carrying vehicles with manufacturer load specifications.","","vehicles.cargoVolume","{""vehicles.van""}","proposed"
"Vehicles","Roof load limit","100 kg","Vans, pickups and other goods-carrying vehicles with manufacturer load specifications. Vehicles with a stated roof load limit.","","vehicles.roofLoadLimit","{""vehicles.roofLoad""}","proposed"
"Vehicles","Maximum authorised mass","3500 kg","Vehicles and trailers with plated mass or towing limits. The permitted total laden vehicle mass.","","vehicles.maximumAuthorisedMass","{""vehicles.platedMass""}","proposed"
"Vehicles","Gross train weight","6000 kg","Vehicles and trailers with plated mass or towing limits. Vehicles with a plated combined vehicle-and-trailer mass limit.","","vehicles.grossTrainWeight","{""vehicles.platedMass""}","proposed"
"Vehicles","Braked towing limit","2500 kg","Vehicles and trailers with plated mass or towing limits. Vehicles approved to tow a braked trailer.","","vehicles.brakedTowingLimit","{""vehicles.towing""}","proposed"
"Vehicles","Unbraked towing limit","750 kg","Vehicles and trailers with plated mass or towing limits. Vehicles approved to tow an unbraked trailer.","","vehicles.unbrakedTowingLimit","{""vehicles.towing""}","proposed"
"Vehicles","Usable traction battery capacity","64 kWh","Battery-electric and plug-in hybrid road vehicles with charging specifications.","","vehicles.usableTractionBatteryCapacity","{""vehicles.electric""}","proposed"
"Vehicles","AC charging connector","Type 2","Battery-electric and plug-in hybrid road vehicles with charging specifications.","","vehicles.acChargingConnector","{""vehicles.electric""}","proposed"
"Vehicles","DC charging connector","CCS2","Battery-electric and plug-in hybrid road vehicles with charging specifications. Vehicles supporting DC charging.","","vehicles.dcChargingConnector","{""vehicles.electric""}","proposed"
"Vehicles","Maximum AC charge power","11 kW","Battery-electric and plug-in hybrid road vehicles with charging specifications.","","vehicles.maximumAcChargePower","{""vehicles.electric""}","proposed"
"Vehicles","Maximum DC charge power","150 kW","Battery-electric and plug-in hybrid road vehicles with charging specifications. Vehicles supporting DC charging.","","vehicles.maximumDcChargePower","{""vehicles.electric""}","proposed"
"Vehicles","Battery warranty ends","2032-05-01","Battery-electric and plug-in hybrid road vehicles with charging specifications. Vehicles with separate traction-battery warranty cover.","","vehicles.batteryWarrantyEnds","{""vehicles.batteryWarranty""}","proposed"
"Vehicles","Battery warranty distance limit","100000 miles","Battery-electric and plug-in hybrid road vehicles with charging specifications. Vehicles whose battery warranty includes a distance limit.","","vehicles.batteryWarrantyDistanceLimit","{""vehicles.batteryWarranty""}","proposed"
"Vehicles","Frame number","FRAME-00427","Bicycles, cargo cycles and e-bikes with the corresponding specification.","","vehicles.frameNumber","{""vehicles.cycle""}","proposed"
"Vehicles","Frame size","54 cm","Bicycles, cargo cycles and e-bikes with the corresponding specification.","","vehicles.frameSize","{""vehicles.cycle""}","proposed"
"Vehicles","Wheel size","700C","Bicycles, cargo cycles and e-bikes with the corresponding specification.","","vehicles.wheelSize","{""vehicles.cycle""}","proposed"
"Vehicles","Brake type","Hydraulic disc","Bicycles, cargo cycles and e-bikes with the corresponding specification.","","vehicles.brakeType","{""vehicles.cycle""}","proposed"
"Vehicles","Drivetrain","1 x 11 speed","Bicycles, cargo cycles and e-bikes with the corresponding specification.","","vehicles.drivetrain","{""vehicles.cycle""}","proposed"
"Vehicles","Cycle battery capacity","500 Wh","Bicycles, cargo cycles and e-bikes with the corresponding specification. Electrically assisted cycles.","","vehicles.cycleBatteryCapacity","{""vehicles.cycleBattery""}","proposed"
"Vehicles","Cycle battery model","PACK-00427","Bicycles, cargo cycles and e-bikes with the corresponding specification. Electrically assisted cycles with identifiable battery packs.","","vehicles.cycleBatteryModel","{""vehicles.cycleBattery""}","proposed"
"Vehicles","Final drive","Chain","Motorcycles and scooters with the corresponding service specification.","","vehicles.finalDrive","{""vehicles.motorcycle""}","proposed"
"Vehicles","Chain specification","520, 112 links","Motorcycles and scooters with the corresponding service specification. Vehicles with chain final drive.","","vehicles.chainSpecification","{""vehicles.motorcycle""}","proposed"
"Vehicles","Berths","4","Caravans, motorhomes and campervans with accommodation equipment.","","vehicles.berths","{""vehicles.habitation""}","proposed"
"Vehicles","Fresh-water tank capacity","100 L","Caravans, motorhomes and campervans with accommodation equipment.","","vehicles.freshWaterTankCapacity","{""vehicles.habitation""}","proposed"
"Vehicles","Waste-water tank capacity","90 L","Caravans, motorhomes and campervans with accommodation equipment.","","vehicles.wasteWaterTankCapacity","{""vehicles.habitation""}","proposed"
"Vehicles","Hull identification number","GB-EXAMPLE1234","Boats and personal watercraft with the corresponding vessel details.","","vehicles.hullIdentificationNumber","{""vehicles.watercraft""}","proposed"
"Vehicles","Hull length","7.2 m","Boats and personal watercraft with the corresponding vessel details.","","vehicles.hullLength","{""vehicles.watercraft""}","proposed"
"Vehicles","Beam","2.5 m","Boats and personal watercraft with the corresponding vessel details.","","vehicles.beam","{""vehicles.watercraft""}","proposed"
"Vehicles","Draft","0.8 m","Boats and personal watercraft with the corresponding vessel details.","","vehicles.draft","{""vehicles.watercraft""}","proposed"
"Vehicles","Engine serial number","ENG-00427","Boats and personal watercraft with the corresponding vessel details. Craft with an identified propulsion engine.","","vehicles.engineSerialNumber","{""vehicles.watercraft""}","proposed"
"Vehicles","Finance provider","Example Finance","Leased or financed vehicles with contractual limits.","","vehicles.financeProvider","{""vehicles.finance""}","proposed"
"Vehicles","Agreement reference","FIN-00427","Leased or financed vehicles with contractual limits.","","vehicles.agreementReference","{""vehicles.finance""}","proposed"
"Vehicles","Agreement ends","2028-05-01","Leased or financed vehicles with contractual limits.","","vehicles.agreementEnds","{""vehicles.finance""}","proposed"
"Vehicles","Annual mileage allowance","10000 miles","Leased or financed vehicles with contractual limits.","","vehicles.annualMileageAllowance","{""vehicles.finance""}","proposed"
"Vehicles","Excess mileage charge","GBP 0.12 per mile","Leased or financed vehicles with contractual limits.","","vehicles.excessMileageCharge","{""vehicles.finance""}","proposed"
"Memberships","Provider","Example Provider","Memberships with provider-managed accounts or agreements.","","membership.provider","{""memberships.account""}","existing"
"Memberships","Account number","ACCT-00427","Memberships with provider-managed accounts or agreements. Preserve as text, including leading zeroes.","","common.accountNumber","{""memberships.account""}","proposed"
"Memberships","Account holder","Alex Example","Memberships with provider-managed accounts or agreements.","","common.accountHolder","{""memberships.account""}","proposed"
"Memberships","Account email","alex@example.com","Memberships with provider-managed accounts or agreements.","","common.accountEmail","{""memberships.account""}","proposed"
"Memberships","Account portal","https://example.com/account","Memberships with provider-managed accounts or agreements.","","common.accountPortal","{""memberships.account""}","proposed"
"Memberships","Support page","https://example.com/help","Memberships with provider-managed accounts or agreements.","","common.supportUrl","{""memberships.support""}","proposed"
"Memberships","Support phone","01632 960123","Memberships with provider-managed accounts or agreements.","","common.supportPhone","{""memberships.support""}","proposed"
"Memberships","Starts on","2026-04-01","Memberships with provider-managed accounts or agreements. Start of membership, subscription or supply, as applicable.","","common.startsOn","{""memberships.membership""}","proposed"
"Memberships","Recurring charge","GBP 29.00","Memberships with recurring charges. The contractual recurring amount; usage charges may be additional.","","common.recurringCharge","{""memberships.billing""}","proposed"
"Memberships","Billing interval","Monthly","Memberships with recurring charges.","","common.billingInterval","{""memberships.billing""}","proposed"
"Memberships","Payment method","Direct debit","Memberships with recurring charges. Method only.","","common.paymentMethod","{""memberships.billing""}","proposed"
"Memberships","Minimum term ends","2027-03-31","Memberships with recurring charges. Agreements with a minimum commitment period.","","common.minimumTermEnds","{""memberships.commitment""}","proposed"
"Memberships","Cancellation notice","30 days","Memberships with recurring charges. Where a contractual notice period applies.","","common.cancellationNotice","{""memberships.commitment""}","proposed"
"Memberships","Cancellation instructions","Cancel through the account portal","Memberships with recurring charges.","","common.cancellationInstructions","{""memberships.commitment""}","proposed"
"Memberships","Membership number","MEM-00427","Memberships issued by museums, clubs, professional bodies, gyms and similar organisations.","","membership.number","{""memberships.membership""}","existing"
"Memberships","Membership type","Family","Memberships issued by museums, clubs, professional bodies, gyms and similar organisations. Provider-defined plan type; possible types include corporate, student and lifetime.","","membership.level","{""memberships.membership""}","existing"
"Memberships","Membership tier","Patron","Memberships issued by museums, clubs, professional bodies, gyms and similar organisations. Where a separate tier or status exists.","","memberships.membershipTier","{""memberships.membership""}","proposed"
"Memberships","Member since","2021-06-01","Memberships issued by museums, clubs, professional bodies, gyms and similar organisations. Original joining date, which may precede the current membership term.","","memberships.memberSince","{""memberships.membership""}","proposed"
"Memberships","Current term ends","2027-03-31","Memberships issued by museums, clubs, professional bodies, gyms and similar organisations. Fixed-period memberships.","","membership.expires","{""memberships.membership""}","existing"
"Memberships","Automatically renew","Yes","Memberships issued by museums, clubs, professional bodies, gyms and similar organisations. Memberships offering automatic renewal.","","membership.autoRenew","{""memberships.membership""}","existing"
"Memberships","Named members","Alex Example; Sam Example","Memberships issued by museums, clubs, professional bodies, gyms and similar organisations. Joint, family or group memberships with named people.","","memberships.namedMembers","{""memberships.namedMembers""}","proposed"
"Memberships","Access PIN","004281","Memberships issued by museums, clubs, professional bodies, gyms and similar organisations. Memberships using a private access code; treat as sensitive.","","membership.accessPin","{""memberships.access""}","existing"
"Memberships","Included venues","Example Museum; Example Gallery","Museum, gallery, heritage, zoo and attraction memberships with the corresponding benefit.","","memberships.includedVenues","{""memberships.museum""}","proposed"
"Memberships","Guest allowance","1 guest per visit","Museum, gallery, heritage, zoo and attraction memberships with the corresponding benefit.","","memberships.guestAllowance","{""memberships.museum""}","proposed"
"Memberships","Child allowance","Up to 3 children under 18","Museum, gallery, heritage, zoo and attraction memberships with the corresponding benefit. Family plans with child eligibility rules.","","memberships.childAllowance","{""memberships.museum""}","proposed"
"Memberships","Booking requirement","Reserve timed entry online","Museum, gallery, heritage, zoo and attraction memberships with the corresponding benefit.","","memberships.bookingRequirement","{""memberships.museum""}","proposed"
"Memberships","Parking benefit","Parking included at participating venues","Museum, gallery, heritage, zoo and attraction memberships with the corresponding benefit.","","memberships.parkingBenefit","{""memberships.museum""}","proposed"
"Memberships","Reciprocal access","Participating partner museums","Museum, gallery, heritage, zoo and attraction memberships with the corresponding benefit.","","memberships.reciprocalAccess","{""memberships.museum""}","proposed"
"Memberships","Home venue","Example Gym, Central","Gym, pool, sports club and leisure memberships with access conditions.","","memberships.homeVenue","{""memberships.leisure""}","proposed"
"Memberships","Other included venues","All regional branches","Gym, pool, sports club and leisure memberships with access conditions. Memberships with multi-site access.","","memberships.otherIncludedVenues","{""memberships.leisure""}","proposed"
"Memberships","Access times","Weekdays before 16:00","Gym, pool, sports club and leisure memberships with access conditions. Memberships with time restrictions.","","memberships.accessTimes","{""memberships.leisure""}","proposed"
"Memberships","Included classes","8 classes per month","Gym, pool, sports club and leisure memberships with access conditions. Plans with a class allowance.","","memberships.includedClasses","{""memberships.leisure""}","proposed"
"Memberships","Guest passes","2 per month","Gym, pool, sports club and leisure memberships with access conditions. Plans granting guest passes.","","memberships.guestPasses","{""memberships.leisure""}","proposed"
"Memberships","Freeze allowance","Up to 3 months per year","Gym, pool, sports club and leisure memberships with access conditions. Plans allowing suspension.","","memberships.freezeAllowance","{""memberships.leisure""}","proposed"
"Memberships","Locker number","L-0042","Gym, pool, sports club and leisure memberships with access conditions. Memberships with an allocated locker.","","memberships.lockerNumber","{""memberships.leisure""}","proposed"
"Memberships","Professional grade","Associate","Professional association, union or accreditation memberships with the corresponding requirement.","","memberships.professionalGrade","{""memberships.professional""}","proposed"
"Memberships","Registration number","REG-00427","Professional association, union or accreditation memberships with the corresponding requirement. Where registration has an identifier separate from membership.","","memberships.registrationNumber","{""memberships.professional""}","proposed"
"Memberships","CPD requirement","20 hours per year","Professional association, union or accreditation memberships with the corresponding requirement. Memberships requiring continuing professional development.","","memberships.cpdRequirement","{""memberships.professional""}","proposed"
"Memberships","Accreditation expires","2027-06-30","Professional association, union or accreditation memberships with the corresponding requirement. Time-limited accreditation attached to membership.","","memberships.accreditationExpires","{""memberships.professional""}","proposed"
"Memberships","Borrowing limit","12 items","Library and lending-club memberships with borrowing entitlements.","","memberships.borrowingLimit","{""memberships.lending""}","proposed"
"Memberships","Standard loan period","21 days","Library and lending-club memberships with borrowing entitlements.","","memberships.standardLoanPeriod","{""memberships.lending""}","proposed"
"Memberships","Home branch","Example Central Library","Library and lending-club memberships with borrowing entitlements.","","memberships.homeBranch","{""memberships.lending""}","proposed"
"Memberships","Loyalty number","LOY-00427","Loyalty schemes and travel clubs with points or status benefits.","","memberships.loyaltyNumber","{""memberships.loyalty""}","proposed"
"Memberships","Status tier","Gold","Loyalty schemes and travel clubs with points or status benefits.","","memberships.statusTier","{""memberships.loyalty""}","proposed"
"Memberships","Home workspace","Example Workshop","Coworking, makerspace and workspace memberships with usage allowances.","","memberships.homeWorkspace","{""memberships.workspace""}","proposed"
"Memberships","Included workspace days","10 days per month","Coworking, makerspace and workspace memberships with usage allowances.","","memberships.includedWorkspaceDays","{""memberships.workspace""}","proposed"
"Memberships","Meeting room allowance","4 hours per month","Coworking, makerspace and workspace memberships with usage allowances.","","memberships.meetingRoomAllowance","{""memberships.workspace""}","proposed"
"Memberships","Equipment access","Woodworking area","Coworking, makerspace and workspace memberships with usage allowances. Memberships authorising use of specified equipment or spaces.","","memberships.equipmentAccess","{""memberships.workspace""}","proposed"
"Memberships","Induction completed","2026-04-03","Coworking, makerspace and workspace memberships with usage allowances. Memberships requiring an induction before access.","","memberships.inductionCompleted","{""memberships.workspace""}","proposed"
"Subscriptions","Provider","Example Provider","Subscriptions with provider-managed accounts or agreements.","","common.provider","{""subscriptions.account""}","proposed"
"Subscriptions","Account number","ACCT-00427","Subscriptions with provider-managed accounts or agreements. Preserve as text, including leading zeroes.","","common.accountNumber","{""subscriptions.account""}","proposed"
"Subscriptions","Account holder","Alex Example","Subscriptions with provider-managed accounts or agreements.","","common.accountHolder","{""subscriptions.account""}","proposed"
"Subscriptions","Account email","alex@example.com","Subscriptions with provider-managed accounts or agreements.","","common.accountEmail","{""subscriptions.account""}","proposed"
"Subscriptions","Account portal","https://example.com/account","Subscriptions with provider-managed accounts or agreements.","","common.accountPortal","{""subscriptions.account""}","proposed"
"Subscriptions","Support webpage","https://example.com/help","Subscriptions with provider-managed accounts or agreements.","","common.supportUrl","{""subscriptions.support""}","proposed"
"Subscriptions","Support phone","01632 960123","Subscriptions with provider-managed accounts or agreements.","","common.supportPhone","{""subscriptions.support""}","proposed"
"Subscriptions","Starts on","2026-04-01","Subscriptions with provider-managed accounts or agreements. Start of membership, subscription or supply, as applicable.","","common.startsOn","{""subscriptions.subscription""}","proposed"
"Subscriptions","Recurring charge","GBP 29.00","Subscriptions with recurring charges. The contractual recurring amount; usage charges may be additional.","","common.recurringCharge","{""subscriptions.billing""}","proposed"
"Subscriptions","Billing interval","Monthly","Subscriptions with recurring charges.","","common.billingInterval","{""subscriptions.billing""}","proposed"
"Subscriptions","Payment method","Direct debit","Subscriptions with recurring charges. Method only.","","common.paymentMethod","{""subscriptions.billing""}","proposed"
"Subscriptions","Minimum term ends","2027-03-31","Subscriptions with recurring charges. Agreements with a minimum commitment period.","","common.minimumTermEnds","{""subscriptions.commitment""}","proposed"
"Subscriptions","Cancellation notice","30 days","Subscriptions with recurring charges. Where a contractual notice period applies.","","common.cancellationNotice","{""subscriptions.commitment""}","proposed"
"Subscriptions","Cancellation instructions","Cancel through the account portal","Subscriptions with recurring charges.","","common.cancellationInstructions","{""subscriptions.commitment""}","proposed"
"Subscriptions","Subscription reference","SUB-00427","Subscriptions with a named plan and lifecycle terms.","","subscriptions.subscriptionReference","{""subscriptions.subscription""}","proposed"
"Subscriptions","Plan name","Family Plus","Subscriptions with a named plan and lifecycle terms.","","subscriptions.planName","{""subscriptions.subscription""}","proposed"
"Subscriptions","Automatically renew","Yes","Subscriptions with a named plan and lifecycle terms.","","common.automaticallyRenew","{""subscriptions.subscription""}","proposed"
"Subscriptions","Access ends","2027-03-31","Subscriptions with a named plan and lifecycle terms. Fixed-term or cancelled subscriptions with a known access end date.","","subscriptions.accessEnds","{""subscriptions.subscription""}","proposed"
"Subscriptions","Trial ends","2026-10-15","Subscriptions with a named plan and lifecycle terms. Subscriptions in a trial period.","","subscriptions.trialEnds","{""subscriptions.trial""}","proposed"
"Subscriptions","Introductory price ends","2026-12-31","Subscriptions with a named plan and lifecycle terms. Plans with a limited promotional price.","","subscriptions.introductoryPriceEnds","{""subscriptions.introductoryOffer""}","proposed"
"Subscriptions","Post-offer price","GBP 39.00 per month","Subscriptions with a named plan and lifecycle terms. Plans with a documented post-offer charge.","","subscriptions.postOfferPrice","{""subscriptions.introductoryOffer""}","proposed"
"Subscriptions","Billed through","Example App Store","Subscriptions with a named plan and lifecycle terms. Subscriptions billed by an intermediary.","","subscriptions.billedThrough","{""subscriptions.subscription""}","proposed"
"Subscriptions","Included services","Video; music; games","Streaming video, music and gaming subscriptions with the corresponding entitlement. Bundles with more than one service.","","subscriptions.includedServices","{""subscriptions.bundle""}","proposed"
"Subscriptions","Simultaneous streams","4","Streaming video, music and gaming subscriptions with the corresponding entitlement. Streaming plans with a concurrency limit.","","subscriptions.simultaneousStreams","{""subscriptions.streaming""}","proposed"
"Subscriptions","Maximum video quality","4K UHD","Streaming video, music and gaming subscriptions with the corresponding entitlement. Video plans.","","subscriptions.maximumVideoQuality","{""subscriptions.streaming""}","proposed"
"Subscriptions","Advertising","Ad-supported","Streaming video, music and gaming subscriptions with the corresponding entitlement. Plans whose advertising level varies.","","subscriptions.advertising","{""subscriptions.streaming""}","proposed"
"Subscriptions","Offline downloads","Up to 6 devices","Streaming video, music and gaming subscriptions with the corresponding entitlement. Plans supporting offline content.","","subscriptions.offlineDownloads","{""subscriptions.streaming""}","proposed"
"Subscriptions","Extra member allowance","1 additional account","Streaming video, music and gaming subscriptions with the corresponding entitlement. Plans permitting additional members outside the primary account.","","subscriptions.extraMemberAllowance","{""subscriptions.streaming""}","proposed"
"Subscriptions","Licensed users","6","Software and cloud subscriptions with user or resource entitlements.","","subscriptions.licensedUsers","{""subscriptions.software""}","proposed"
"Subscriptions","Activated device limit","5 per user","Software and cloud subscriptions with user or resource entitlements. Licences limiting device activation.","","subscriptions.activatedDeviceLimit","{""subscriptions.software""}","proposed"
"Subscriptions","Licence type","Named user","Software and cloud subscriptions with user or resource entitlements.","","subscriptions.licenceType","{""subscriptions.software""}","proposed"
"Subscriptions","Storage allowance","1 TB per user","Software and cloud subscriptions with user or resource entitlements. Cloud storage plans; preserve whether limits are per user or shared.","","subscriptions.storageAllowance","{""subscriptions.cloudStorage""}","proposed"
"Subscriptions","Storage region","European Union","Software and cloud subscriptions with user or resource entitlements. Plans with a selected or contractually specified data region.","","subscriptions.storageRegion","{""subscriptions.cloudStorage""}","proposed"
"Subscriptions","Usage allowance","1000 credits per month","Software and cloud subscriptions with user or resource entitlements. Metered plans.","","subscriptions.usageAllowance","{""subscriptions.metered""}","proposed"
"Subscriptions","Allowance resets","First day of each month","Software and cloud subscriptions with user or resource entitlements. Plans with renewing quotas.","","subscriptions.allowanceResets","{""subscriptions.metered""}","proposed"
"Subscriptions","Overage price","GBP 0.05 per credit","Software and cloud subscriptions with user or resource entitlements. Plans charging above the included quota.","","subscriptions.overagePrice","{""subscriptions.metered""}","proposed"
"Subscriptions","Licence key","EXAMPLE-ONLY-KEY","Software and cloud subscriptions with user or resource entitlements. Software requiring a private activation key; treat as sensitive.","","subscriptions.licenceKey","{""subscriptions.software""}","proposed"
"Subscriptions","Delivery address","42 Example Street, Exampletown","Print publications, meal kits, consumables and other delivery subscriptions.","","subscriptions.deliveryAddress","{""subscriptions.delivery""}","proposed"
"Subscriptions","Delivery frequency","Every 2 weeks","Print publications, meal kits, consumables and other delivery subscriptions.","","subscriptions.deliveryFrequency","{""subscriptions.delivery""}","proposed"
"Subscriptions","Items per delivery","6 portions","Print publications, meal kits, consumables and other delivery subscriptions.","","subscriptions.itemsPerDelivery","{""subscriptions.delivery""}","proposed"
"Subscriptions","Delivery preferences","Vegetarian meals","Print publications, meal kits, consumables and other delivery subscriptions. Plans with user-selected delivery contents.","","subscriptions.deliveryPreferences","{""subscriptions.delivery""}","proposed"
"Subscriptions","Domain name","example.org","Domain registration, hosting and website subscriptions. Domain registrations.","","subscriptions.domainName","{""subscriptions.domain""}","proposed"
"Subscriptions","Domain expires","2027-04-01","Domain registration, hosting and website subscriptions. Domain registrations with a stated expiry.","","subscriptions.domainExpires","{""subscriptions.domain""}","proposed"
"Subscriptions","Registrar","Example Registrar","Domain registration, hosting and website subscriptions. Domain registrations.","","subscriptions.registrar","{""subscriptions.domain""}","proposed"
"Subscriptions","Hosting package","Managed hosting 20 GB","Domain registration, hosting and website subscriptions. Hosting agreements.","","subscriptions.hostingPackage","{""subscriptions.hosting""}","proposed"
"Subscriptions","Backup retention","30 days","Domain registration, hosting and website subscriptions. Hosting or backup plans with a retention policy.","","subscriptions.backupRetention","{""subscriptions.backup""}","proposed"
"Subscriptions","Covered item or property","Kitchen boiler","Home monitoring, maintenance and other service subscriptions with scheduled benefits.","","subscriptions.coveredItemOrProperty","{""subscriptions.servicePlan""}","proposed"
"Subscriptions","Included visits","1 service per year","Home monitoring, maintenance and other service subscriptions with scheduled benefits.","","subscriptions.includedVisits","{""subscriptions.servicePlan""}","proposed"
"Subscriptions","Service booking page","https://example.com/book-service","Home monitoring, maintenance and other service subscriptions with scheduled benefits.","","subscriptions.serviceBookingPage","{""subscriptions.servicePlan""}","proposed"
"Subscriptions","Monitoring level","Professional monitoring","Home monitoring, maintenance and other service subscriptions with scheduled benefits. Alarm or monitoring subscriptions.","","subscriptions.monitoringLevel","{""subscriptions.monitoring""}","proposed"
"Subscriptions","Recording retention","30 days","Home monitoring, maintenance and other service subscriptions with scheduled benefits. Camera recording subscriptions.","","subscriptions.recordingRetention","{""subscriptions.monitoring""}","proposed"
"Subscriptions","Emergency response terms","Remote assessment within 2 hours","Home monitoring, maintenance and other service subscriptions with scheduled benefits. Plans offering a documented response commitment.","","subscriptions.emergencyResponseTerms","{""subscriptions.emergencyResponse""}","proposed"
"Utilities","Provider","Example Provider","Utilities with provider-managed accounts or agreements.","","common.provider","{""utilities.account""}","proposed"
"Utilities","Account number","ACCT-00427","Utilities with provider-managed accounts or agreements. Preserve as text, including leading zeroes.","","common.accountNumber","{""utilities.account""}","proposed"
"Utilities","Account holder","Alex Example","Utilities with provider-managed accounts or agreements.","","common.accountHolder","{""utilities.account""}","proposed"
"Utilities","Account email","alex@example.com","Utilities with provider-managed accounts or agreements.","","common.accountEmail","{""utilities.account""}","proposed"
"Utilities","Account portal","https://example.com/account","Utilities with provider-managed accounts or agreements.","","common.accountPortal","{""utilities.account""}","proposed"
"Utilities","Support page","https://example.com/help","Utilities with provider-managed accounts or agreements.","","common.supportUrl","{""utilities.support""}","proposed"
"Utilities","Support phone","01632 960123","Utilities with provider-managed accounts or agreements.","","common.supportPhone","{""utilities.support""}","proposed"
"Utilities","Starts on","2026-04-01","Utilities with provider-managed accounts or agreements. Start of membership, subscription or supply, as applicable.","","common.startsOn","{""utilities.service""}","proposed"
"Utilities","Recurring charge","GBP 29.00","Utilities with recurring charges. The contractual recurring amount; usage charges may be additional.","","common.recurringCharge","{""utilities.billing""}","proposed"
"Utilities","Billing interval","Monthly","Utilities with recurring charges.","","common.billingInterval","{""utilities.billing""}","proposed"
"Utilities","Payment method","Direct debit","Utilities with recurring charges. Method only.","","common.paymentMethod","{""utilities.billing""}","proposed"
"Utilities","Minimum term ends","2027-03-31","Utilities with recurring charges. Agreements with a minimum commitment period.","","common.minimumTermEnds","{""utilities.commitment""}","proposed"
"Utilities","Cancellation notice","30 days","Utilities with recurring charges. Where a contractual notice period applies.","","common.cancellationNotice","{""utilities.commitment""}","proposed"
"Utilities","Cancellation instructions","Cancel through the account portal","Utilities with recurring charges.","","common.cancellationInstructions","{""utilities.commitment""}","proposed"
"Utilities","Supply address","42 Example Street, Exampletown","Utility accounts tied to a supplied property or service location.","","utilities.supplyAddress","{""utilities.service""}","proposed"
"Utilities","Service type","Electricity and gas","Utility accounts tied to a supplied property or service location.","","utilities.serviceType","{""utilities.service""}","proposed"
"Utilities","Tariff name","Example Fixed 12","Utility accounts tied to a supplied property or service location.","","utilities.tariffName","{""utilities.tariff""}","proposed"
"Utilities","Tariff type","Fixed unit rates","Utility accounts tied to a supplied property or service location.","","utilities.tariffType","{""utilities.tariff""}","proposed"
"Utilities","Tariff starts","2026-04-01","Utility accounts tied to a supplied property or service location.","","utilities.tariffStarts","{""utilities.tariff""}","proposed"
"Utilities","Tariff ends","2027-03-31","Utility accounts tied to a supplied property or service location. Time-limited tariffs.","","utilities.tariffEnds","{""utilities.tariff""}","proposed"
"Utilities","Exit fee","GBP 50.00 per fuel","Utility accounts tied to a supplied property or service location. Tariffs with an early exit charge; preserve its charging basis.","","utilities.exitFee","{""utilities.tariff""}","proposed"
"Utilities","Electricity supplier","Example Energy","Electricity supplies, including the electricity component of dual-fuel accounts. Where the service-specific supplier needs identifying.","","utilities.electricitySupplier","{""utilities.electricity""}","proposed"
"Utilities","Electricity tariff name","Example Electricity Fixed","Electricity supplies, including the electricity component of dual-fuel accounts.","","utilities.electricityTariffName","{""utilities.electricity""}","proposed"
"Utilities","Electricity tariff ends","2027-03-31","Electricity supplies, including the electricity component of dual-fuel accounts. Electricity tariffs with an expiry date.","","utilities.electricityTariffEnds","{""utilities.electricity""}","proposed"
"Utilities","Electricity meter point (MPAN)","0000000000000","Electricity supplies, including the electricity component of dual-fuel accounts. Great Britain electricity supplies using an MPAN; synthetic identifier.","","utilities.electricityMeterPointMpan","{""utilities.electricityGb""}","proposed"
"Utilities","Electricity supply point (CPE)","CPE-EXAMPLE","Electricity supplies, including the electricity component of dual-fuel accounts. Portuguese electricity supplies using a CPE; placeholder identifier.","","utilities.electricitySupplyPointCpe","{""utilities.electricityPt""}","proposed"
"Utilities","Electricity meter serial","ELEC-00427","Electricity supplies, including the electricity component of dual-fuel accounts.","","utilities.electricityMeterSerial","{""utilities.electricity""}","proposed"
"Utilities","Electricity meter type","Smart meter","Electricity supplies, including the electricity component of dual-fuel accounts.","","utilities.electricityMeterType","{""utilities.electricity""}","proposed"
"Utilities","Electricity unit rate","GBP 0.24567 per kWh","Electricity supplies, including the electricity component of dual-fuel accounts. Single-rate electricity tariffs; retain precision beyond whole pence.","","utilities.electricityUnitRate","{""utilities.electricityRates""}","proposed"
"Utilities","Electricity standing charge","GBP 0.5123 per day","Electricity supplies, including the electricity component of dual-fuel accounts.","","utilities.electricityStandingCharge","{""utilities.electricityRates""}","proposed"
"Utilities","Electricity rate effective from","2026-04-01","Electricity supplies, including the electricity component of dual-fuel accounts. Date the recorded electricity prices take effect.","","utilities.electricityRateEffectiveFrom","{""utilities.electricityRates""}","proposed"
"Utilities","Electricity rate tax basis","Includes VAT","Electricity supplies, including the electricity component of dual-fuel accounts. Recorded electricity prices.","","utilities.electricityRateTaxBasis","{""utilities.electricityRates""}","proposed"
"Utilities","Electricity exit fee","GBP 50.00","Electricity supplies, including the electricity component of dual-fuel accounts. Electricity-specific early exit charge in a bundled account.","","utilities.electricityExitFee","{""utilities.electricityRates""}","proposed"
"Utilities","Peak electricity rate","GBP 0.32 per kWh","Electricity tariffs with time-dependent import or export rates. Multi-rate import tariffs.","","utilities.peakElectricityRate","{""utilities.timeOfUse""}","proposed"
"Utilities","Off-peak electricity rate","GBP 0.09 per kWh","Electricity tariffs with time-dependent import or export rates. Multi-rate import tariffs.","","utilities.offPeakElectricityRate","{""utilities.timeOfUse""}","proposed"
"Utilities","Off-peak hours","00:30–05:30 Europe/London","Electricity tariffs with time-dependent import or export rates. Include timezone and any seasonal clock rules in the tariff.","","utilities.offPeakHours","{""utilities.timeOfUse""}","proposed"
"Utilities","Dynamic rate schedule","https://example.com/tariff-rates","Electricity tariffs with time-dependent import or export rates. Tariffs whose rates vary by settlement period.","","utilities.dynamicRateSchedule","{""utilities.dynamicRates""}","proposed"
"Utilities","Electricity export rate","GBP 0.15 per kWh","Electricity tariffs with time-dependent import or export rates. Supplies receiving payment for exported generation.","","utilities.electricityExportRate","{""utilities.export""}","proposed"
"Utilities","Export meter point","0000000000001","Electricity tariffs with time-dependent import or export rates. Export supplies assigned a separate meter-point identifier; synthetic example.","","utilities.exportMeterPoint","{""utilities.export""}","proposed"
"Utilities","Contracted power","6.9 kVA","Electricity supplies whose contract specifies a power tier, including Portuguese electricity contracts.","","utilities.contractedPower","{""utilities.contractedPower""}","proposed"
"Utilities","Gas supplier","Example Energy","Gas supplies, including the gas component of dual-fuel accounts.","","utilities.gasSupplier","{""utilities.gas""}","proposed"
"Utilities","Gas tariff name","Example Gas Fixed","Gas supplies, including the gas component of dual-fuel accounts.","","utilities.gasTariffName","{""utilities.gas""}","proposed"
"Utilities","Gas tariff ends","2027-03-31","Gas supplies, including the gas component of dual-fuel accounts. Gas tariffs with an expiry date.","","utilities.gasTariffEnds","{""utilities.gas""}","proposed"
"Utilities","Gas meter point (MPRN)","0000000000","Gas supplies, including the gas component of dual-fuel accounts. Great Britain gas supplies using an MPRN; synthetic identifier.","","utilities.gasMeterPointMprn","{""utilities.gasGb""}","proposed"
"Utilities","Gas meter serial","GAS-00427","Gas supplies, including the gas component of dual-fuel accounts.","","utilities.gasMeterSerial","{""utilities.gas""}","proposed"
"Utilities","Gas meter units","m³","Gas supplies, including the gas component of dual-fuel accounts. Retain meter units separately from billed kWh.","","utilities.gasMeterUnits","{""utilities.gas""}","proposed"
"Utilities","Gas unit rate","GBP 0.06123 per kWh","Gas supplies, including the gas component of dual-fuel accounts.","","utilities.gasUnitRate","{""utilities.gasRates""}","proposed"
"Utilities","Gas standing charge","GBP 0.3012 per day","Gas supplies, including the gas component of dual-fuel accounts.","","utilities.gasStandingCharge","{""utilities.gasRates""}","proposed"
"Utilities","Gas rate effective from","2026-04-01","Gas supplies, including the gas component of dual-fuel accounts.","","utilities.gasRateEffectiveFrom","{""utilities.gasRates""}","proposed"
"Utilities","Gas rate tax basis","Includes VAT","Gas supplies, including the gas component of dual-fuel accounts.","","utilities.gasRateTaxBasis","{""utilities.gasRates""}","proposed"
"Utilities","Gas exit fee","GBP 50.00","Gas supplies, including the gas component of dual-fuel accounts. Gas-specific early exit charge in a bundled account.","","utilities.gasExitFee","{""utilities.gasRates""}","proposed"
"Utilities","Water supplier","Example Water","Water and wastewater accounts with the corresponding charging basis.","","utilities.waterSupplier","{""utilities.water""}","proposed"
"Utilities","Wastewater provider","Example Sewerage","Water and wastewater accounts with the corresponding charging basis. Accounts including wastewater services, which may have a different provider.","","utilities.wastewaterProvider","{""utilities.wastewater""}","proposed"
"Utilities","Water charging basis","Metered","Water and wastewater accounts with the corresponding charging basis.","","utilities.waterChargingBasis","{""utilities.water""}","proposed"
"Utilities","Water meter serial","WATER-00427","Water and wastewater accounts with the corresponding charging basis. Metered supplies.","","utilities.waterMeterSerial","{""utilities.meteredWater""}","proposed"
"Utilities","Water unit rate","GBP 2.10 per m³","Water and wastewater accounts with the corresponding charging basis. Metered water charges.","","utilities.waterUnitRate","{""utilities.meteredWater""}","proposed"
"Utilities","Water fixed charge","GBP 45.00 per year","Water and wastewater accounts with the corresponding charging basis.","","utilities.waterFixedCharge","{""utilities.water""}","proposed"
"Utilities","Wastewater unit rate","GBP 1.60 per m³","Water and wastewater accounts with the corresponding charging basis. Usage-based wastewater charges.","","utilities.wastewaterUnitRate","{""utilities.wastewater""}","proposed"
"Utilities","Wastewater fixed charge","GBP 65.00 per year","Water and wastewater accounts with the corresponding charging basis.","","utilities.wastewaterFixedCharge","{""utilities.wastewater""}","proposed"
"Utilities","Water charges effective from","2026-04-01","Water and wastewater accounts with the corresponding charging basis.","","utilities.waterChargesEffectiveFrom","{""utilities.water""}","proposed"
"Utilities","Rateable value","GBP 180.00","Water and wastewater accounts with the corresponding charging basis. Unmetered accounts using a property rateable value as their charging basis.","","utilities.rateableValue","{""utilities.unmeteredWater""}","proposed"
"Utilities","Broadband plan","Example Fibre 500","Broadband and landline services, including their components within bundles.","","utilities.broadbandPlan","{""utilities.broadband""}","proposed"
"Utilities","Broadband technology","FTTP","Broadband and landline services, including their components within bundles.","","utilities.broadbandTechnology","{""utilities.broadband""}","proposed"
"Utilities","Advertised download speed","500 Mbit/s","Broadband and landline services, including their components within bundles.","","utilities.advertisedDownloadSpeed","{""utilities.broadband""}","proposed"
"Utilities","Estimated download speed","450–500 Mbit/s","Broadband and landline services, including their components within bundles. Contracts providing an estimated range.","","utilities.estimatedDownloadSpeed","{""utilities.broadband""}","proposed"
"Utilities","Minimum guaranteed download speed","250 Mbit/s","Broadband and landline services, including their components within bundles. Contracts providing a guarantee.","","utilities.minimumGuaranteedDownloadSpeed","{""utilities.broadband""}","proposed"
"Utilities","Upload speed","70 Mbit/s","Broadband and landline services, including their components within bundles.","","utilities.uploadSpeed","{""utilities.broadband""}","proposed"
"Utilities","Data allowance","Unlimited","Broadband and landline services, including their components within bundles.","","utilities.dataAllowance","{""utilities.broadband""}","proposed"
"Utilities","Landline number","01632 960123","Broadband and landline services, including their components within bundles. Services with a telephone number.","","utilities.landlineNumber","{""utilities.landline""}","proposed"
"Utilities","Included calls","UK landlines at weekends","Broadband and landline services, including their components within bundles. Plans with a call bundle.","","utilities.includedCalls","{""utilities.landline""}","proposed"
"Utilities","Router ownership","On loan; return when service ends","Broadband and landline services, including their components within bundles. Services supplying a router.","","utilities.routerOwnership","{""utilities.broadband""}","proposed"
"Utilities","Mobile number","07700 900123","Mobile and mobile-data service contracts.","","utilities.mobileNumber","{""utilities.mobile""}","proposed"
"Utilities","Mobile network","Example Mobile","Mobile and mobile-data service contracts.","","utilities.mobileNetwork","{""utilities.mobile""}","proposed"
"Utilities","SIM identifier (ICCID)","0000000000000000000","Mobile and mobile-data service contracts. The service SIM identity; synthetic example.","","utilities.simIdentifierIccid","{""utilities.mobile""}","proposed"
"Utilities","Mobile data allowance","50 GB per month","Mobile and mobile-data service contracts.","","utilities.mobileDataAllowance","{""utilities.mobile""}","proposed"
"Utilities","Included minutes","Unlimited UK calls","Mobile and mobile-data service contracts.","","utilities.includedMinutes","{""utilities.mobile""}","proposed"
"Utilities","Roaming allowance","20 GB in listed destinations","Mobile and mobile-data service contracts.","","utilities.roamingAllowance","{""utilities.mobile""}","proposed"
"Utilities","Roaming destinations","European Union","Mobile and mobile-data service contracts.","","utilities.roamingDestinations","{""utilities.mobile""}","proposed"
"Utilities","Spending cap","GBP 10.00 per month","Mobile and mobile-data service contracts. Contracts with an account spending cap.","","utilities.spendingCap","{""utilities.mobile""}","proposed"
"Utilities","Handset instalment","GBP 20.00 per month","Mobile and mobile-data service contracts. Bundles with a separately priced handset repayment.","","utilities.handsetInstalment","{""utilities.handsetFinance""}","proposed"
"Utilities","Handset repayment ends","2028-03-31","Mobile and mobile-data service contracts. Handset finance bundled with airtime.","","utilities.handsetRepaymentEnds","{""utilities.handsetFinance""}","proposed"
"Utilities","Heat unit rate","GBP 0.12 per kWh","Heating networks, delivered fuels and waste-collection services. Metered district or communal heating supplies.","","utilities.heatUnitRate","{""utilities.heat""}","proposed"
"Utilities","Heat standing charge","GBP 0.70 per day","Heating networks, delivered fuels and waste-collection services. Heating networks with a fixed charge.","","utilities.heatStandingCharge","{""utilities.heat""}","proposed"
"Utilities","Fuel delivery unit","Litre","Heating networks, delivered fuels and waste-collection services. Heating oil or LPG delivered by volume.","","utilities.fuelDeliveryUnit","{""utilities.deliveredFuel""}","proposed"
"Utilities","Fuel tank capacity","1200 L","Heating networks, delivered fuels and waste-collection services. Delivered-fuel accounts associated with a storage tank.","","utilities.fuelTankCapacity","{""utilities.deliveredFuel""}","proposed"
"Utilities","Container size","240 L","Heating networks, delivered fuels and waste-collection services. Waste-collection services with an allocated bin.","","utilities.containerSize","{""utilities.waste""}","proposed"
"Insurance","Insurance provider","Example Insurance","Insurance policies with the corresponding administration or payment detail.","","insurance.provider","{""insurance.policy""}","existing"
"Insurance","Underwriter","Example Underwriting Ltd","Insurance policies with the corresponding administration or payment detail. Where the risk carrier differs from the retail provider.","","insurance.underwriter","{""insurance.policy""}","proposed"
"Insurance","Broker","Example Broker","Insurance policies with the corresponding administration or payment detail. Broker-arranged policies.","","insurance.broker","{""insurance.policy""}","proposed"
"Insurance","Policy number","POL-00427","Insurance policies with the corresponding administration or payment detail.","","insurance.policyNumber","{""insurance.policy""}","existing"
"Insurance","Policyholder","Alex Example","Insurance policies with the corresponding administration or payment detail.","","insurance.policyholder","{""insurance.policy""}","proposed"
"Insurance","Insured people","Alex Example; Sam Example","Insurance policies with the corresponding administration or payment detail. Policies covering named people.","","insurance.insuredPeople","{""insurance.insuredPeople""}","proposed"
"Insurance","Policy starts","2026-04-01","Insurance policies with the corresponding administration or payment detail.","","insurance.policyStarts","{""insurance.policy""}","proposed"
"Insurance","Policy ends","2027-03-31","Insurance policies with the corresponding administration or payment detail.","","insurance.policyEnds","{""insurance.policy""}","proposed"
"Insurance","Automatically renew","Yes","Insurance policies with the corresponding administration or payment detail. Policies offering automatic renewal.","","common.automaticallyRenew","{""insurance.policy""}","proposed"
"Insurance","Annual premium","GBP 420.00","Insurance policies with the corresponding administration or payment detail. The quoted premium for a full policy year.","","insurance.annualPremium","{""insurance.premium""}","proposed"
"Insurance","Instalment amount","GBP 38.00","Insurance policies with the corresponding administration or payment detail. Policies paid in instalments, which may include financing costs.","","insurance.instalmentAmount","{""insurance.premium""}","proposed"
"Insurance","Instalment frequency","Monthly","Insurance policies with the corresponding administration or payment detail. Policies paid in instalments.","","insurance.instalmentFrequency","{""insurance.premium""}","proposed"
"Insurance","Payment method","Direct debit","Insurance policies with the corresponding administration or payment detail.","","common.paymentMethod","{""insurance.premium""}","proposed"
"Insurance","Cancellation terms","Contact provider; administration fee may apply","Insurance policies with the corresponding administration or payment detail. Use the terms stated for the particular policy.","","insurance.cancellationTerms","{""insurance.premium""}","proposed"
"Insurance","Claims phone","01632 960123","Insurance policies with the corresponding administration or payment detail.","","insurance.claimsPhone","{""insurance.claims""}","proposed"
"Insurance","Claims page","https://example.com/claim","Insurance policies with the corresponding administration or payment detail.","","insurance.claimsPage","{""insurance.claims""}","proposed"
"Insurance","Emergency assistance phone","01632 960124","Insurance policies with the corresponding administration or payment detail. Policies providing emergency assistance.","","insurance.emergencyAssistancePhone","{""insurance.claims""}","proposed"
"Insurance","Insured property address","42 Example Street, Exampletown","Buildings cover, including the buildings component of combined home insurance.","","insurance.insuredPropertyAddress","{""insurance.property""}","proposed"
"Insurance","Buildings sum insured","GBP 500000.00","Buildings cover, including the buildings component of combined home insurance. Rebuild cover amount, including any stated unlimited-cover basis.","","insurance.sumInsured","{""insurance.buildings""}","existing"
"Insurance","Buildings cover basis","Unlimited rebuild cover subject to policy terms","Buildings cover, including the buildings component of combined home insurance.","","insurance.buildingsCoverBasis","{""insurance.buildings""}","proposed"
"Insurance","Buildings excess","GBP 250.00","Buildings cover, including the buildings component of combined home insurance. Standard buildings claim excess.","","insurance.excess","{""insurance.buildings""}","existing"
"Insurance","Subsidence excess","GBP 1000.00","Buildings cover, including the buildings component of combined home insurance. Policies with a separate subsidence excess.","","insurance.subsidenceExcess","{""insurance.buildings""}","proposed"
"Insurance","Buildings accidental damage","Included","Buildings cover, including the buildings component of combined home insurance.","","insurance.buildingsAccidentalDamage","{""insurance.buildings""}","proposed"
"Insurance","Alternative accommodation limit","GBP 50000.00","Buildings cover, including the buildings component of combined home insurance. Buildings cover providing alternative accommodation.","","insurance.alternativeAccommodationLimit","{""insurance.buildings""}","proposed"
"Insurance","Contents sum insured","GBP 75000.00","Contents cover, including the contents component of combined home insurance.","","insurance.sumInsured","{""insurance.contents""}","existing"
"Insurance","Contents cover basis","New-for-old subject to policy terms","Contents cover, including the contents component of combined home insurance.","","insurance.contentsCoverBasis","{""insurance.contents""}","proposed"
"Insurance","Contents excess","GBP 150.00","Contents cover, including the contents component of combined home insurance.","","insurance.excess","{""insurance.contents""}","existing"
"Insurance","Contents accidental damage","Included","Contents cover, including the contents component of combined home insurance.","","insurance.contentsAccidentalDamage","{""insurance.contents""}","proposed"
"Insurance","Single-item limit","GBP 2000.00","Contents cover, including the contents component of combined home insurance. Contents policies with an unspecified-item cap.","","insurance.singleItemLimit","{""insurance.contents""}","proposed"
"Insurance","Valuables total limit","GBP 15000.00","Contents cover, including the contents component of combined home insurance. Policies with an aggregate valuables cap.","","insurance.valuablesTotalLimit","{""insurance.contents""}","proposed"
"Insurance","Away-from-home cover limit","GBP 3000.00","Contents cover, including the contents component of combined home insurance. Policies covering possessions outside the home.","","insurance.awayFromHomeCoverLimit","{""insurance.contents""}","proposed"
"Insurance","Specified item","Example engagement ring","Contents cover, including the contents component of combined home insurance. Policies scheduling individual possessions; potentially repeatable per item.","","insurance.specifiedItem","{""insurance.specifiedItem""}","proposed"
"Insurance","Specified item insured value","GBP 4500.00","Contents cover, including the contents component of combined home insurance. Belongs to the same scheduled item as its description; potentially repeatable per item.","","insurance.specifiedItemInsuredValue","{""insurance.specifiedItem""}","proposed"
"Insurance","Insured vehicle","EXAMPLE-01","Motor insurance, including the motor component of a multi-cover policy. Vehicle registration or other policy-scheduled identity; potentially repeatable per vehicle.","","insurance.insuredVehicle","{""insurance.motor""}","proposed"
"Insurance","Motor cover level","Comprehensive","Motor insurance, including the motor component of a multi-cover policy.","","insurance.motorCoverLevel","{""insurance.motor""}","proposed"
"Insurance","Permitted use","Social, domestic, pleasure and commuting","Motor insurance, including the motor component of a multi-cover policy.","","insurance.permittedUse","{""insurance.motor""}","proposed"
"Insurance","Named drivers","Alex Example; Sam Example","Motor insurance, including the motor component of a multi-cover policy.","","insurance.namedDrivers","{""insurance.motor""}","proposed"
"Insurance","Declared annual mileage","8000 miles","Motor insurance, including the motor component of a multi-cover policy.","","insurance.declaredAnnualMileage","{""insurance.motor""}","proposed"
"Insurance","Compulsory motor excess","GBP 250.00","Motor insurance, including the motor component of a multi-cover policy.","","insurance.compulsoryMotorExcess","{""insurance.motor""}","proposed"
"Insurance","Voluntary motor excess","GBP 150.00","Motor insurance, including the motor component of a multi-cover policy.","","insurance.voluntaryMotorExcess","{""insurance.motor""}","proposed"
"Insurance","Windscreen excess","GBP 100.00","Motor insurance, including the motor component of a multi-cover policy. Policies with windscreen cover and a separate excess.","","insurance.windscreenExcess","{""insurance.motor""}","proposed"
"Insurance","No-claims discount","5 years","Motor insurance, including the motor component of a multi-cover policy.","","insurance.noClaimsDiscount","{""insurance.motor""}","proposed"
"Insurance","No-claims protection","Included","Motor insurance, including the motor component of a multi-cover policy.","","insurance.noClaimsProtection","{""insurance.motor""}","proposed"
"Insurance","Courtesy vehicle terms","Small car during approved repairs","Motor insurance, including the motor component of a multi-cover policy. Policies providing a replacement vehicle.","","insurance.courtesyVehicleTerms","{""insurance.motor""}","proposed"
"Insurance","Travel policy type","Annual multi-trip","Travel insurance, including travel benefits supplied with another product.","","insurance.travelPolicyType","{""insurance.travel""}","proposed"
"Insurance","Travel cover area","Worldwide excluding USA, Canada and Caribbean","Travel insurance, including travel benefits supplied with another product.","","insurance.travelCoverArea","{""insurance.travel""}","proposed"
"Insurance","Maximum trip length","31 days","Travel insurance, including travel benefits supplied with another product. Policies limiting individual trip duration.","","insurance.maximumTripLength","{""insurance.travel""}","proposed"
"Insurance","Cancellation limit","GBP 5000.00 per person","Travel insurance, including travel benefits supplied with another product.","","insurance.cancellationLimit","{""insurance.travel""}","proposed"
"Insurance","Emergency medical limit","GBP 10000000.00 per person","Travel insurance, including travel benefits supplied with another product.","","insurance.emergencyMedicalLimit","{""insurance.travel""}","proposed"
"Insurance","Baggage limit","GBP 2000.00 per person","Travel insurance, including travel benefits supplied with another product.","","insurance.baggageLimit","{""insurance.travel""}","proposed"
"Insurance","Travel excess","GBP 100.00 per person per claim section","Travel insurance, including travel benefits supplied with another product. Retain the policy's excess basis.","","insurance.travelExcess","{""insurance.travel""}","proposed"
"Insurance","Winter sports cover","Included","Travel insurance, including travel benefits supplied with another product. Policies with winter-sports terms.","","insurance.winterSportsCover","{""insurance.travel""}","proposed"
"Insurance","Cruise cover","Included","Travel insurance, including travel benefits supplied with another product. Policies with cruise-specific terms.","","insurance.cruiseCover","{""insurance.travel""}","proposed"
"Insurance","Medical screening reference","SCREEN-00427","Travel insurance, including travel benefits supplied with another product. Policies with a screening decision; sensitive.","","insurance.medicalScreeningReference","{""insurance.travel""}","proposed"
"Insurance","Insured pet","Milo, cat","Pet insurance with the corresponding cover structure. Potentially repeatable per insured pet.","","insurance.insuredPet","{""insurance.pet""}","proposed"
"Insurance","Pet cover type","Lifetime annual limit","Pet insurance with the corresponding cover structure.","","insurance.petCoverType","{""insurance.pet""}","proposed"
"Insurance","Vet fees limit","GBP 7000.00","Pet insurance with the corresponding cover structure.","","insurance.vetFeesLimit","{""insurance.pet""}","proposed"
"Insurance","Vet fees limit basis","Per pet per policy year","Pet insurance with the corresponding cover structure. Preserve annual, per-condition or other limit basis.","","insurance.vetFeesLimitBasis","{""insurance.pet""}","proposed"
"Insurance","Vet fees excess","GBP 120.00 per condition per year","Pet insurance with the corresponding cover structure.","","insurance.vetFeesExcess","{""insurance.pet""}","proposed"
"Insurance","Vet fees co-payment","20%","Pet insurance with the corresponding cover structure. Policies requiring a percentage contribution.","","insurance.vetFeesCoPayment","{""insurance.pet""}","proposed"
"Insurance","Condition cover duration","12 months from first treatment","Pet insurance with the corresponding cover structure. Time-limited policies.","","insurance.conditionCoverDuration","{""insurance.pet""}","proposed"
"Insurance","Medical cover tier","Comprehensive","Private medical and dental insurance with the corresponding benefits.","","insurance.medicalCoverTier","{""insurance.medical""}","proposed"
"Insurance","Hospital network","Example hospital list","Private medical and dental insurance with the corresponding benefits. Medical plans restricting providers.","","insurance.hospitalNetwork","{""insurance.medical""}","proposed"
"Insurance","Outpatient limit","GBP 1500.00 per year","Private medical and dental insurance with the corresponding benefits. Medical plans with an outpatient cap.","","insurance.outpatientLimit","{""insurance.medical""}","proposed"
"Insurance","Medical excess","GBP 250.00 per policy year","Private medical and dental insurance with the corresponding benefits.","","insurance.medicalExcess","{""insurance.medical""}","proposed"
"Insurance","Underwriting basis","Full medical underwriting","Private medical and dental insurance with the corresponding benefits.","","insurance.underwritingBasis","{""insurance.medical""}","proposed"
"Insurance","Dental annual limit","GBP 1000.00","Private medical and dental insurance with the corresponding benefits. Plans including dental cover.","","insurance.dentalAnnualLimit","{""insurance.dental""}","proposed"
"Insurance","Waiting period ends","2026-07-01","Private medical and dental insurance with the corresponding benefits. Benefits subject to an initial waiting period.","","insurance.waitingPeriodEnds","{""insurance.medical"",""insurance.dental""}","proposed"
"Insurance","Life assured","Alex Example","Life assurance and critical-illness policies with the corresponding benefit.","","insurance.lifeAssured","{""insurance.life""}","proposed"
"Insurance","Life cover amount","GBP 250000.00","Life assurance and critical-illness policies with the corresponding benefit.","","insurance.lifeCoverAmount","{""insurance.life""}","proposed"
"Insurance","Life cover basis","Level term","Life assurance and critical-illness policies with the corresponding benefit.","","insurance.lifeCoverBasis","{""insurance.life""}","proposed"
"Insurance","Cover term ends","2051-03-31","Life assurance and critical-illness policies with the corresponding benefit. Term policies.","","insurance.coverTermEnds","{""insurance.life""}","proposed"
"Insurance","Critical illness amount","GBP 50000.00","Life assurance and critical-illness policies with the corresponding benefit. Policies including a critical-illness benefit.","","insurance.criticalIllnessAmount","{""insurance.criticalIllness""}","proposed"
"Insurance","Monthly benefit","GBP 2000.00","Income-protection policies.","","insurance.monthlyBenefit","{""insurance.incomeProtection""}","proposed"
"Insurance","Deferred period","13 weeks","Income-protection policies. Waiting time after incapacity before benefits become payable.","","insurance.deferredPeriod","{""insurance.incomeProtection""}","proposed"
"Insurance","Maximum benefit payment period","2 years per claim","Income-protection policies.","","insurance.maximumBenefitPaymentPeriod","{""insurance.incomeProtection""}","proposed"
"Insurance","Incapacity definition","Own occupation","Income-protection policies.","","insurance.incapacityDefinition","{""insurance.incomeProtection""}","proposed"
"Insurance","Cover ceases","2055-06-30","Income-protection policies.","","insurance.coverCeases","{""insurance.incomeProtection""}","proposed"
"Insurance","Breakdown cover basis","Personal cover","Breakdown, home-emergency, gadget and liability cover with the corresponding benefit. Breakdown policies covering a person or a named vehicle.","","insurance.breakdownCoverBasis","{""insurance.breakdown""}","proposed"
"Insurance","Breakdown territory","UK and continental Europe","Breakdown, home-emergency, gadget and liability cover with the corresponding benefit.","","insurance.breakdownTerritory","{""insurance.breakdown""}","proposed"
"Insurance","Home emergency limit","GBP 1000.00 per incident","Breakdown, home-emergency, gadget and liability cover with the corresponding benefit.","","insurance.homeEmergencyLimit","{""insurance.homeEmergency""}","proposed"
"Insurance","Gadget insured item","Example laptop, SN-00427","Breakdown, home-emergency, gadget and liability cover with the corresponding benefit. Gadget cover; potentially repeatable per item.","","insurance.gadgetInsuredItem","{""insurance.gadget""}","proposed"
"Insurance","Gadget cover limit","GBP 1500.00 per item","Breakdown, home-emergency, gadget and liability cover with the corresponding benefit.","","insurance.gadgetCoverLimit","{""insurance.gadget""}","proposed"
"Insurance","Public liability limit","GBP 2000000.00 per claim","Breakdown, home-emergency, gadget and liability cover with the corresponding benefit.","","insurance.publicLiabilityLimit","{""insurance.publicLiability""}","proposed"
"Insurance","Legal expenses limit","GBP 50000.00 per claim","Breakdown, home-emergency, gadget and liability cover with the corresponding benefit.","","insurance.legalExpensesLimit","{""insurance.legalExpenses""}","proposed"
